{
  "$schema": "https://developer.microsoft.com/json-schemas/spfx/client-side-component-manifest.schema.json",
  "id": "6A05E710-7CF0-4C0C-837C-739F500AAAB3",
  "alias": "HelloWorldWebPart",
  "componentType": "WebPart",
  // The "*" signifies that the version should be taken from the package.json
  "version": "*",
  "manifestVersion": 2,
  "supportsThemeVariants": true,
  "requiresCustomScript": false,
  "supportedHosts": [
    "SharePointWebPart",
    "TeamsPersonalApp",
    "TeamsTab",
    "SharePointFullPage"
  ],
  "preconfiguredEntries": [
    {
      "groupId": "5c03119e-3074-46fd-976b-c60198311f70",
      "group": {
        "default": "Advanced"
      },
      "title": {
        "default": "HelloWorld"
      },
      "description": {
        "default": "A great SPFx web part."
      },
      "officeFabricIconFontName": "Page",
      "properties": {
        "description": "A great SPFx web part."
      }
    }
  ]
}
